{
    "loss": 0.7592276930809021,
    "accuracy": 0.9137930870056152
}